{"cameraMode":{"drawMode":0,"name":"Shaded","section":"Shading Mode"},"sceneLighting":false,"audioPlay":false,"sceneViewState":{"m_AlwaysRefresh":false,"showFog":true,"showSkybox":false,"showFlares":true,"showImageEffects":true,"showParticleSystems":true,"showVisualEffectGraphs":true,"m_FxEnabled":true},"in2DMode":false,"pivot":{"x":-0.5612063407897949,"y":-0.9482755661010742,"z":0.29539012908935549},"rotation":{"x":0.11165846139192581,"y":0.7245373725891113,"z":-0.12088095396757126,"w":0.6693158745765686},"size":12.933696746826172,"orthographic":false}